nombre_original,nombre_google,direccion,municipio,estado,lat,lng,es_yucatan,criterio,place_id
FELIPE ESCALANTE RUZ BRISAS,,,,,,,False,,
BACHILLERATO COMUNITARIO SAMAHIL,TBCEY Samahil (Telebachillerato Comunitario de Samahil),"97810 Samahil, Yuc., Mexico",,,20.8835375,-89.889178,True,coordenadas,ChIJa8otYq4bVo8RQp--dvomqzU
COBAY BUCTOZTZ,Colegio de Bachilleres de Buctzotz,"Calle 4, 21 Y 25, C. 4 SN, Centro, 97620 Buctzotz, Yucatán, Mexico",,,21.2003372,-88.7837562,True,"coordenadas,texto",ChIJk81NC1wHVI8RnwnBh8g0uT0
COBAY TIXKOKOB,COBAY Plantel Tixkokob,"97470 Tixkokob, Yucatan, Mexico",,,20.9979574,-89.4039658,True,"coordenadas,texto",ChIJzUqMWwd-Vo8RBQPeScGAqTs
CBTIS 111 CANCUN,Cbtis-111 Leona Vicario,"Av. Chichen-Itza Supermanzana 1, 77500 Cancún, Q.R., Mexico",,,21.1711142,-86.8230233,False,,ChIJGYS3tQIsTI8RcekgekRB3ZE
CBETIS 120,Cetis 120,"Av Francisco I. Madero Ote 4923, Cd Industrial, 58200 Morelia, Mich., Mexico",,,19.7205412,-101.1497708,False,,ChIJ01M6tMIRLYQRoYIW3psO6To
CBTIS 126 CAMPECHE,CBTIS 126,"24902, Calle 22-A 4100, Fátima, 24902 Calkiní, Camp., Mexico",,,20.3844254,-90.0546559,True,coordenadas,ChIJZ-2eSh-B-IURS4Q8ENceom8
CBTIS 80,CETis 80,"Calle, Gral. Luis Moya SN, Insurgentes, 20287 Aguascalientes, Ags., Mexico",,,21.8479283,-102.3113371,False,,ChIJp3WCnjfsKYQRt5MIzse9Npg
COLEGIO AMERICANO,Colegio Americano,"C. 72 499, Barrio de Santiago, Centro, 97000 Mérida, Yuc., Mexico",,,20.9693634,-89.6307593,True,"coordenadas,texto",ChIJgwJiFNxzVo8RqKIDCovjQ6Y
COBACH COZUMEL,Colegio de Bachilleres,"50 Avenida Sur, C. 27 Sur, San Miguel I, 77666 Cozumel, Q.R., Mexico",,,20.4910141,-86.95469899999999,False,,ChIJ48j5c2NXTo8RyaIT3ir19p8
COBAY CHENKU,COBAY Chenkú,"Calle 32, Por Calle 25 y 27 SN, Residencial del Nte, 97219 Mérida, Yuc., Mexico",,,21.0075773,-89.64999329999999,True,"coordenadas,texto",ChIJT_wNmXF0Vo8Rp9ajD_EtYJs
COBAY HOMUN,Cobay Plantel Homún,"97580 Homún, Yucatan, Mexico",,,20.7385673,-89.297333,True,"coordenadas,texto",ChIJN2kAsHONVo8RTOVDda4qQmI
COBAY SOTUTA,Cobay Sotuta,"Calle 20 x 11 carretera a Tibolón, 40 X 11, 97690 Sotuta, Yucatán, Mexico",,,20.6053901,-89.0037789,True,"coordenadas,texto",ChIJwQ8a1BvEVo8R7h8t5tln31k
COBAY TZUCACAB,COBAY Plantel Tzucacab,"C. 30, 97960 Tzucacab, Yuc., Mexico",,,20.0847611,-89.0479687,True,coordenadas,ChIJPR39yzA9V48RD60-3zoJ-jA
CBTA 13 XMATKUIL,CBTA No. 13 Xmatkuil,"Ex-Hacienda Xmatkuil A.P. 970 Xmatkuil, 97139 Mérida, Yuc., Mexico",,,20.8590646,-89.62328169999999,True,"coordenadas,texto",ChIJNV2YGX9uVo8RXaismVkkq9U
COBAY YAXCABA,Cobay Yaxcabá,"C. 22, 97920 Yaxcabá, Yuc., Mexico",,,20.558921,-88.8252904,True,coordenadas,ChIJT7hiSQfNVo8RZl3qJck8svg
COBAY ABALA,COBAY plantel Abala,"Unnamed Road, 97825 Abalá, Yuc., Mexico",,,20.6448555,-89.675281,True,coordenadas,ChIJu5TRF-lAVo8RnmjCRzvQP0A
PREPARATORIA ABIERTA CALAFIA,Preparatoria Instituto Educativo Calafia,"CALLE DEL BARRO, Av. Poblado Islas Agrarias # 1201, 21600 Mexicali, B.C., Mexico",,,32.6062255,-115.3524951,False,,ChIJOzoWrid114ARjC-v44HXlPc
VICTOR J. MANZANILLA J. - CANSAHCAB,Preparatoria Estatal N°4 Victor Jesús Manzanilla Jimenez,"Calle 20 S/N, Cansahcab Centro, 97410 Cansahcab, Yuc., Mexico",,,21.1620994,-89.10155590000001,True,coordenadas,ChIJN6PWgtwhVI8Ravkio-1hY-o
CBTIS 28 COZUMEL,Cbtis 28,"Antonio González Fernández. 600, 10 de Abril, 77622 Cozumel, Q.R., Mexico",,,20.5129772,-86.938709,False,,ChIJpXjS80hYTo8R54VQ2MrrHOE
COLEGIO BENITO JUAREZ GARCIA,Benito Juárez García,"C. 107, Santa Rosa, 97279 Mérida, Yuc., Mexico",,,20.9424085,-89.613671,True,"coordenadas,texto",ChIJA8mvC5txVo8R6Un_jpQGnyc
CENTRO DE BACHILLERATO TECNOLOGICO AGROPECUARIO,Centro de Bachillerato Tecnologico Agripecuario No. 165 (CBTA),"C. 30 102, Guadalupe, 97540 Izamal, Yuc., Mexico",,,20.9462776,-89.0202595,True,coordenadas,ChIJTXFnmH-jVo8RZO8g_g5QxA4
CBTA 165,Centro de Bachillerato Tecnologico Agripecuario No. 165 (CBTA),"C. 30 102, Guadalupe, 97540 Izamal, Yuc., Mexico",,,20.9462776,-89.0202595,True,coordenadas,ChIJTXFnmH-jVo8RZO8g_g5QxA4
CBTA IZAMAL 185,Centro de Bachillerato Tecnologico Agripecuario No. 165 (CBTA),"C. 30 102, Guadalupe, 97540 Izamal, Yuc., Mexico",,,20.9462776,-89.0202595,True,coordenadas,ChIJTXFnmH-jVo8RZO8g_g5QxA4
CBTIS 95,CBTis 95,"Calle 18 No. 300-X 49, Salvador Alvarado Sur, 97190 Mérida, Yuc., Mexico",,,20.9389584,-89.5975821,True,"coordenadas,texto",ChIJ-9jtT6VxVo8Rr3OGzjjBL6U
CBTIS 120 MÉRIDA,CBTis 120,"C. 13 101 por 60, Loma Bonita, 97205 Mérida, Yuc., Mexico",,,21.0192738,-89.6260632,True,"coordenadas,texto",ChIJhQ9kxh90Vo8R_FTxO6f4UVM
CARLOS CASTILLO PERAZA,Carlos Castillo Peraza,"Carlos Castillo Peraza, 32575 Juárez, Chih., Mexico",,,31.5895587,-106.3690019,False,,ChIJHxa7ojhm54YRbrf-HB-O97Q
UNIVERSIDAD AUTONOMA DEL CARMEN,UNIVERSIDAD AUTÓNOMA DEL CARMEN,"C. 56 4, Benito Juárez, 24180 Cdad. del Carmen, Camp., Mexico",,,18.6467477,-91.81811019999999,False,,ChIJb6mCfqEH8YURaVeDuMQR5jk
CENTRO EDUCATIVO SIGLO XXI,Centro Educativo Siglo XXI,"C. 21 216, entre 60 Y 62, Zona Dorada II, 97226 Mérida, Yuc., Mexico",,,20.9931194,-89.6548507,True,"coordenadas,texto",ChIJgSkWbIZzVo8R1kR1GpC7w8c
CECYTE,Cecytey 06 Emiliano Zapata,"Cl. 143 314, Emiliano Zapata Sur L, 97297 Mérida, Yuc., Mexico",,,20.9221786,-89.6479258,True,"coordenadas,texto",ChIJh2zUwmtyVo8RJ5R9ZOXPp9M
CECYTE QUINTANA ROO,Colegio de Estudios Científicos y Tecnológicos del Estado de Quintano Roo,"C. 4 Pte. s/n, Maya Pax, Mayapax, 77780 Tulum, Q.R., Mexico",,,20.2137963,-87.4649852,True,coordenadas,ChIJNboTT6Hi0YURp9WYkxQqjIY
CEC Y TES,CECyTEY,"Jardines del Nte., 97139 Mérida, Yuc., Mexico",,,21.0206837,-89.66302979999999,True,"coordenadas,texto",ChIJFQPkpop0Vo8RJxEyappzo4g
CEDART ERMILO ABREU GÓMEZ,CEDART Ermilo Abreu Gómez,"Calle 21, Periférico Poniente, Colonia San Juan Bautista, 97200 Mérida, Yuc., Mexico",,,21.024518,-89.66422299999999,True,"coordenadas,texto",ChIJ0WKKC_V0Vo8RT0a9SLv1d-A
CEEAC,Escuela Preparatoria CEEAC (Centro de Estudios Educare AC),"C. 60 316-por 27 y 29, Señorial, 97059 Mérida, Yuc., Mexico",,,20.9904076,-89.61940779999999,True,"coordenadas,texto",ChIJMXrOK1FxVo8R-lIPaSGB_sU
CEIC PLAYA DEL CARMEN,Preparatoria CEIC,"Calle 22 Nte, Entre 50 y, Calle 55 Pte. &, Ejidal, 77712 Playa del Carmen, Q.R., Mexico",,,20.6332105,-87.0808808,False,,ChIJETMOOiJDTo8RtAZm-r2INM0
CELA,Studies Center of the Americas CELA,"Calle 21 No. 357A-x 26, San Pedro Cholul, 97138 Mérida, Yuc., Mexico",,,21.0115607,-89.571107,True,"coordenadas,texto",ChIJ6ZBbNTh3Vo8RHhTB_MWospU
CENTRO EDUCATIVO MARIA GONZALEZ PALMA,Escuela María González Palma,"C. 50 454, Centro, 97000 Mérida, Yuc., Mexico",,,20.9733664,-89.6147845,True,"coordenadas,texto",ChIJzyzZGWhxVo8Rpn-3NpwiTeY
COREM MERIDA,Colegio Regional de México COREM Mérida Brisas,"C. 26 Diag. 112, Las Brisas, 97144 Mérida, Yuc., Mexico",,,20.9900426,-89.58419579999999,True,"coordenadas,texto",ChIJozIqGtdwVo8R87GCKU_ja8U
CENTENNIAL COLLEGIATE VOCATIONAL INSTITUTE,Centennial Collegiate Vocational Institute,"289 College Ave W, Guelph, ON N1G 1S9, Canada",,,43.5221478,-80.2481184,False,,ChIJkdkY5zOFK4gRI-rIoA6iedY
CENTRO ESCOLAR ROCHAVI,Centro Escolar Rochavi,"C. 76 11-A'-1, Residencial Pensiones VI, 97217 Mérida, Yuc., Mexico",,,21.0007387,-89.6618228,True,"coordenadas,texto",ChIJL2ydzn90Vo8Rgmj2GrnryOo
CESMAC,Preparatoria CESMAC,"C. 65 627, Parque Santiago, Centro, 97000 Centro, Yuc., Mexico",,,20.9675271,-89.6348395,True,coordenadas,ChIJYVmOssRzVo8R2x0N9YM8rME
CETESC,Cetec Yucatan Sc,"C. 61 496a-por 56 y 58, Centro, 97000 Mérida, Yuc., Mexico",,,20.9672049,-89.621324,True,"coordenadas,texto",ChIJyVdVLJxzVo8RU5Arc20VNdc
CETIS 112,CETIS 112,"C. 55 No. 728, Pacabtún, 97160 Mérida, Yuc., Mexico",,,20.9689832,-89.59015,True,"coordenadas,texto",ChIJi5Hbjh5xVo8RhidNOaO9lMs
CETIS 134,CETIS 134,"Av. Lomas Verdes 2, Rancho Viejo, 91303 Banderilla, Ver., Mexico",,,19.5861158,-96.9335841,False,,ChIJM0QlRs4v24URtleI2a-PnSA
CETIS 68,Cetis 68,"Av. Aquiles Serdán 964, Tabachines, 81257 Los Mochis, Sin., Mexico",,,25.7858317,-108.976148,False,,ChIJD2yw1kAvuoYRgat3mOHGp44
CENTRO DE ESTUDIOS TECNOLÓGICOS DEL MAR No 17,Centro de Estudios Tecnológicos del Mar 17,"Progreso, Boulevard Turístico Yucalpetén, 97320 Progreso, Yucatan, Mexico",,,21.2806216,-89.69734559999999,True,"coordenadas,texto",ChIJG88iVFTdVY8RXrwq0KsfDUo
COLEGIO DE ESTUDIOS UNIVERSITARIOS DEL MAYAB,College of the Mayab University Studies,"C. 59 627, Barrio de Santiago, Centro, 97000 Mérida, Yuc., Mexico",,,20.971394,-89.6394418,True,"coordenadas,texto",ChIJaxnQg8FzVo8RBzYQub8j2d4
COBAY CHOLUL,Cobay Cholul,"97305 Merida, Yucatan, Mexico",,,21.0493287,-89.57478909999999,True,"coordenadas,texto",ChIJnQgjxKZ3Vo8RUDr1u0F8KaE
CEMA,"Miguel Alemán school ""CEMA""","Fracc, C. 27 150, San Miguel, 97140 Mérida, Yuc., Mexico",,,20.994113,-89.5946287,True,"coordenadas,texto",ChIJyaJKBq12Vo8RvMmjp6-5Hok
UNIVERSIDAD CNCI,Universidad CNCI,"Av. Ruiz Cortines 5901, Valle Verde, 64360 Monterrey, N.L., Mexico",,,25.7374545,-100.3796194,False,,ChIJ4bM7DOmWYoYR2PK-taY5qDU
COBAY CELESTUN,Nacobay,"C. 6 6480, Benito Juárez, 97367 Celestún, Yuc., Mexico",,,20.8656137,-90.3945962,True,coordenadas,ChIJRSnB8rfF-IURlvT7ieFqnVQ
COLEGIO DE BACHILLERES DEL ESTADO DE CAMPECHE,Colegio de Bachilleres del Estado de Yucatán,"Calle 34 420-B x 35, Col. López Mateos, López Mateos, 97440 Mérida, Yuc., Mexico",,,20.9821261,-89.6031649,True,"coordenadas,texto",ChIJAQAAUDpxVo8RJfHKu9DbOzA
COBACAM-CAMPECHE,COBACAM,"Calle Castillo Oliver No. 14, entre Lorenzo Alfaro Alomía, área, Cam, Av. Miguel Alemán y, Área Ah, 24014 San Francisco de Campeche, Camp., Mexico",,,19.8520317,-90.5276107,False,,ChIJY3D9ov8z-IURU3SN0wZPnVo
COLEGIO DE BACHILLERES CHIAPAS,Colegio de Bachilleres de Chiapas,"Blvrd Presa Chicoasén 950, Amp las Palmas, 29044 Tuxtla Gutiérrez, Chis., Mexico",,,16.7577164,-93.0880594,False,,ChIJd3PrIXEn7YURExLaQNu7ico
COBACH CHIAPAS,Colegio de Bachilleres de Chiapas,"Blvrd Presa Chicoasén 950, Amp las Palmas, 29044 Tuxtla Gutiérrez, Chis., Mexico",,,16.7577164,-93.0880594,False,,ChIJd3PrIXEn7YURExLaQNu7ico
COLEGIO DE BACHILLERES QUINTANA ROO,Colegio de Bachilleres del Estado de Yucatán,"Calle 34 420-B x 35, Col. López Mateos, López Mateos, 97440 Mérida, Yuc., Mexico",,,20.9821261,-89.6031649,True,"coordenadas,texto",ChIJAQAAUDpxVo8RJfHKu9DbOzA
COLEGIO BACHILLERES TABASCO,Colegio de Bachilleres de Tabasco,"Av. Paseo La Choca 100, Multiochenta, 86085 Villahermosa, Tab., Mexico",,,18.0005655,-92.9548589,False,,ChIJ7U35LSiN7oURcRcgKeBQjsM
COLEGIO BACHILLERES DE TABASCO 46,College of Bachelors of Tabasco Campus 46,"Villa las Flores, 86780 Jonuta, Tab., Mexico",,,18.0973934,-92.1420416,False,,ChIJy0xqWzKL8YURqPgoQRwq3kw
COBATAB,Dirección General del COBATAB,"2000,, Av. Paseo La Choca 100, Parque Tabasco, 86035 Villahermosa, Tab., Mexico",,,18.0006976,-92.95480169999999,False,,ChIJNUS83pTX7YURFZitHJrUh2A
COLEGIO DE BACHILLERES No. 8 TABASCO,COBATAB PLANTEL 8,"Av. Monte Cristo SN, Las Lomas, 86980 Emiliano Zapata, Tab., Mexico",,,17.7355381,-91.7674219,False,,ChIJLQ-DNuUz-IURQ6RoQ_xL5Cw
COBAY PROGRESO,COBAY Plantel Progreso,"C. 37 entre 72 y 74, Centro, 97320 Progreso, Yuc., Mexico",,,21.2807775,-89.6589856,True,"coordenadas,texto",ChIJVUX2Y9TcVY8Rlu_GthDExxw
COBAY 5,COBAY plantel Santa Rosa,"Av. 1o. de Mayo x 107 y 109, Santa Rosa, 97279 Mérida, Yuc., Mexico",,,20.9403774,-89.6127855,True,"coordenadas,texto",ChIJ3UmgRppxVo8RzhNh9D6cWUk
COBAY ACANCEH,Cobay Acanceh,"97380 Acanceh, Yucatan, Mexico",,,20.827109,-89.4670012,True,"coordenadas,texto",ChIJAalZHOBjVo8RMUlpYsQC1DQ
COBAY BACA,Cobay Baca,"97450 Baca, Yucatan, Mexico",,,21.106527,-89.4029477,True,"coordenadas,texto",ChIJp9E-q8rVVY8RCGhdWH_HLZY
COBAY CAUCEL,COBAY Caucel,"Hunucma - Caucel 56, Caucel, 97314 Caucel, Yuc., Mexico",,,21.0212694,-89.7178765,True,"coordenadas,texto",ChIJZbcTa0ALVo8RVQBzD1GPofM
COLEGIO DE BACHILLERES PLANTEL COZUMEL,Colegio de Bachilleres,"50 Avenida Sur, C. 27 Sur, San Miguel I, 77666 Cozumel, Q.R., Mexico",,,20.4910141,-86.95469899999999,False,,ChIJ48j5c2NXTo8RyaIT3ir19p8
COBAY DZIDZANTUN,COBAY Dzidzantun,"C. 6, Dzidzantun, 97500 Dzidzantún, Yuc., Mexico",,,21.2465277,-89.0318219,True,coordenadas,ChIJMdxtpZAZVI8R6rzwacR9fuk
COBAY HALACHO,COBAY Halacho,"C. 20 17A, San José, 97830 Halachó, Yuc., Mexico",,,20.4931519,-90.077041,True,coordenadas,ChIJ2x2Yip6E-IUROuvifT056I8
COBAY KANASIN,COBAY plantel Kanasin,"Calle 14 S/N x 33, Cuauhtémoc II, 97370 Kanasín, Yuc., Mexico",,,20.9360912,-89.5732575,True,"coordenadas,texto",ChIJpf5-oURwVo8RE5JmGAGEQhA
COBAY KIMBILA,COBAY de Kimbilá,"Calle 24, Kimbilá, 97550 Kimbilá, Yuc., Mexico",,,20.9411288,-89.1244919,True,coordenadas,ChIJ9-QwwlCYVo8ROTZ4OxQYvxg
COBAY KINCHIL,Cobay plantel kinchil,"C. 18, 97360 Yuc., Mexico",,,20.930853,-89.942686,True,coordenadas,ChIJf3YHDcEDVo8RfxiH7FTEMqM
COLEGIO DE BACHILLERES DE YUCATAN,Colegio de Bachilleres del Estado de Yucatán,"Calle 34 420-B x 35, Col. López Mateos, López Mateos, 97440 Mérida, Yuc., Mexico",,,20.9821261,-89.6031649,True,"coordenadas,texto",ChIJAQAAUDpxVo8RJfHKu9DbOzA
COBAY CHICXULUB PUEBLO,COBAY,"97340 Chicxulub, Yucatan, Mexico",,,21.1404492,-89.5100272,True,"coordenadas,texto",ChIJL9mDgP_WVY8RnceKt7J4oWw
COBAY SANTA ROSA,COBAY plantel Santa Rosa,"Av. 1o. de Mayo x 107 y 109, Santa Rosa, 97279 Mérida, Yuc., Mexico",,,20.9403774,-89.6127855,True,"coordenadas,texto",ChIJ3UmgRppxVo8RzhNh9D6cWUk
COBAY TEKIT,COBAY Tekit,"97680 Tekit, Yuc., Mexico",,,20.5409686,-89.3444007,True,coordenadas,ChIJ3Ye24Fb3Vo8R9SYn6iBsnWY
COBAY TECOH,COBAY Tecoh,"Tecoh Municipality, 97820 Tecoh, Yucatan, Mexico",,,20.729791,-89.4756395,True,"coordenadas,texto",ChIJCa1PFoNnVo8Rd8cCQgKfflE
COBAY TICUL,Escuela Preparatoria Cobay,"C. 41 187, Centro, 97860 Ticul, Yuc., Mexico",,,20.3830993,-89.52936849999999,True,"coordenadas,texto",ChIJSb6QcV5SVo8R3oAJw2hp0N8
COBAY UMAN,COBAY Xoclán,"C. 132 x 42, Xoclán Carmelitas, 97245 Mérida, Yuc., Mexico",,,20.9709302,-89.6670396,True,"coordenadas,texto",ChIJhXBLpAtzVo8RwHejqooNzcc
COBAY VALLADOLID,COBAY,"C. 32 S/N, Fernando Novelo, 97780 Valladolid, Yuc., Mexico",,,20.6974196,-88.19490069999999,True,"coordenadas,texto",ChIJI8wxLswKUY8RBSEHEdRPYGc
COBAY XOCLAN,COBAY Xoclán,"C. 132 x 42, Xoclán Carmelitas, 97245 Mérida, Yuc., Mexico",,,20.9709302,-89.6670396,True,"coordenadas,texto",ChIJhXBLpAtzVo8RwHejqooNzcc
PLANTEL COBAY SAN JOSE TZAL,Colegio de Bachilleres del Estado de Yucatán,"Calle 34 420-B x 35, Col. López Mateos, López Mateos, 97440 Mérida, Yuc., Mexico",,,20.9821261,-89.6031649,True,"coordenadas,texto",ChIJAQAAUDpxVo8RJfHKu9DbOzA
COBAY TEABO,Cobay Plantel Teabo Yuc.,"C. 23 57, 97910 Teabo, Yuc., Mexico",,,20.408896,-89.2850957,True,coordenadas,ChIJCddpdGL8Vo8RhliDBIVWc10
COBAY TIZIMIN,Colegio de Bachilleres del Estado de Yucatán Plantel Tizimín,"Calle 48-B S/N por Calle 31, Centro, 97702 Tizimín, Yuc., Mexico",,,21.1565151,-88.1455902,True,"coordenadas,texto",ChIJr1WVbGsrUo8RPMfU3WJE-vA
COLEGIO DE BACHILLERES PLANTEL JMM,Colegio de Bachilleres del Estado de Yucatán,"Calle 34 420-B x 35, Col. López Mateos, López Mateos, 97440 Mérida, Yuc., Mexico",,,20.9821261,-89.6031649,True,"coordenadas,texto",ChIJAQAAUDpxVo8RJfHKu9DbOzA
COBAY SEYE,Cobay Seyé,"Seyé Municipality, 97570 Seyé, Yucatan, Mexico",,,20.8436105,-89.3861972,True,"coordenadas,texto",ChIJCSLxcs-JVo8R8o-CXCAtPLY
COLEGIO MESOAMERICANO,Preparatoria Mesoamericana,"Centro, 97000 Merida, Yucatan, Mexico",,,20.9589645,-89.63144369999999,True,"coordenadas,texto",ChIJy1REHNFzVo8RjQkWISf0tgM
COLEGIO DEL GOLFO DE MERIDA,Colegio del Golfo de Merida,"calle 86 476-P, entre 47 Y 49, Centro, 97000 Mérida, Yuc., Mexico",,,20.9780895,-89.63974920000001,True,"coordenadas,texto",ChIJn5qTuNpzVo8R75RnAgRSsgc
"COMPLUTENSE CENTRO INTEGRADO, INC. SAN LORENZO",Complutense Centro Integrado Inc,"Mansiones de Monte Sereno, 22 C. 3, San Lorenzo, 00754, Puerto Rico",,,18.1905279,-65.9625317,False,,ChIJidm2UC5bA4wRDnF5Yz0Z2Ws
COLEGIO NACIONAL DE EDUCACIÓN PROFESIONAL TÉCNICA,"Colegio Nacional de Educación Profesional Técnica ""Conalep Plantel Aragón""","Av 599 130, San Juan de Aragón III Secc, Gustavo A. Madero, 07970 Ciudad de México, CDMX, Mexico",,,19.4507657,-99.0714319,False,,ChIJ1yamUpD70YURds_AtCcAK0Y
CONALEP MERIDA,Conalep Mérida 1,"55 # 729 x, Cto. Colonias Fraccionamiento, Pacabtún, 97160 Mérida, Yuc., Mexico",,,20.9699288,-89.5883291,True,"coordenadas,texto",ChIJKdvm6vpzVo8R74Qhxh6Q6_M
CONRADO MENENDEZ DIAZ,Conrado Menéndez Díaz,"Av Fidel Velázquez 849, Esperanza, 97169 Mérida, Yuc., Mexico",,,20.9654446,-89.5886001,True,"coordenadas,texto",ChIJ3bxqoR1xVo8RT0ilGE-zjxY
COBAY CUZAMA,Cobay Cuzama,"97577 Cuzamá, Yucatan, Mexico",,,20.7412343,-89.30133889999999,True,"coordenadas,texto",ChIJvTSRSuuMVo8Rmh6SrlGR_D8
CENTRO UNIVERSITARIO FELIPE CARRILLO PUERTO,Felipe Carrillo Puerto Centro Universitario,"C. 65 583, Parque Santiago, Centro, 97000 Mérida, Yuc., Mexico",,,20.967184,-89.6313095,True,"coordenadas,texto",ChIJwRR3l9tzVo8RqpMLzjuO1oY
CUM,Centro Universitario Mexico,"Nicolás San Juan 728, Narvarte Poniente, Benito Juárez, 03100 Ciudad de México, CDMX, Mexico",,,19.3896556,-99.1611832,False,,ChIJHUMfYOcc0oURT23Xchhb4dY
CENTRO UNIVERSITARIO MONTEJO,Centro Universitario Montejo,"C. 60 106, Loma Bonita, 97205 Mérida, Yuc., Mexico",,,21.0272941,-89.62825769999999,True,"coordenadas,texto",ChIJ0VELv110Vo8Rj7GkFCj1wMw
COLEGIO YUCATAN,"Colegio Yucatán, Plantel Secundaria-Preparatoria","Avenida 37 por 24 y 26, Limones, 97219 Mérida, Yuc., Mexico",,,21.0023528,-89.64799409999999,True,"coordenadas,texto",ChIJN8hHPXR0Vo8RppNSH645tiA
DAVID ALFARO SIQUEIROS MIRAFLORES,Institute of Higher Studies David Alfaro Siqueiros,"x 26, C. 65 230, Miraflores, 97179 Mérida, Yuc., Mexico",,,20.9578572,-89.5982154,True,"coordenadas,texto",ChIJ2_nnFA9xVo8RPP48g0Sk9Rk
EDUCACION INTEGRAL Y ACTIVA EDAI,EDAI - Educación Activa e Integral de Mérida,"Av. Yucatán No. 524-1 x 22 y 24, Maya, 97134 Mérida, Yuc., Mexico",,,21.0165051,-89.5703504,True,"coordenadas,texto",ChIJERbMhSVxVo8R0swtAwlJ9WY
COLEGIO EDUCACION Y PATRIA,College Education and Patria,"Calle 64 x 57 y 59 No.485, Parque Santiago, Centro, 97000 Mérida, Yuc., Mexico",,,20.969793,-89.6254872,True,"coordenadas,texto",ChIJq6DUYN9zVo8Ra93W03Z6ZAQ
ELIGIO ANCONA,Calle Eligio Ancona,"C. Eligio Ancona, Ciudad de México, CDMX, Mexico",,,19.4533829,-99.1621563,False,,ChIJ0dVRL8L40YURkuhhohgtsks
EMSAD 07 EL DESENGAÑO,"EMSAD 07 ""DESENGAÑO"" COBACAM","Candelaria Municipality, 24346 Campeche, Mexico",,,17.8700918,-90.44404290000001,False,,ChIJE2sziaXa9YURAlJjeAtMLoA
ENEP UNAM SEP,"ENES Unidad Mérida, UNAM","97357 Ucú, Yucatan, Mexico",,,20.9881155,-89.73492499999999,True,"coordenadas,texto",ChIJNQe7socMVo8RNlMICaiTOnw
ESCUELA PREPARATORIA JOSE DOLORES RODRIGUEZ TAMAYO,"Centro Educativo José Dolores Rodríguez Tamayo, Campus Mérida.","C. 96 653, Cd Caucel, 97314 Mérida, Yuc., Mexico",,,20.9986774,-89.7099597,True,"coordenadas,texto",ChIJGUAbM6wLVo8RH21kbJNLOcg
PREPARATORIA ESTATAL NUM. 10,"Escuela Preparatoria Estatal Número 10 ""Ruben H. Rodríguez Moguel""","Calle 59, s/n 102-A y 106, Cd Caucel, 97314 Mérida, Yuc., Mexico",,,20.9993114,-89.7157014,True,"coordenadas,texto",ChIJydXwaV8LVo8R4sPk4kvksDc
FRANCISCO DE MONTEJO Y LEON,Escuela Preparatoria Particular Francisco de Montejo y León,"Calle 47 514A X 62 y 64, Parque Santa Ana, Centro, 97000 Mérida, Yuc., Mexico",,,20.9756024,-89.6238668,True,"coordenadas,texto",ChIJ-cWJ_-tzVo8RH92uyhDu2Uw
FRANCISCO REPETO MILAN,Autonomous University of Yucatan,"C. 60 491A, Parque Santa Lucia, Centro, 97000 Mérida, Yuc., Mexico",,,20.9695848,-89.6229628,True,"coordenadas,texto",ChIJo0Y6pV5xVo8RlVP7jSdyJwM
GONZALO CAMARA ZAVALA,Preparatoria Lic. Gonzalo Cámara Zavala,"C. 60 602-x 73 y 75, Centro, 97000 Mérida, Yuc., Mexico",,,20.9581982,-89.6247518,True,"coordenadas,texto",ChIJx-LGFRtxVo8RRf64pzL_SYY
COBAY HUNUCMA,cobay plantel hunucma,"Juan Pablo II, 97246 Merida, Yucatan, Mexico",,,20.9673554,-89.6800818,True,"coordenadas,texto",ChIJ9cXCbRZzVo8R3lf-_lJMN8Q
IBCEY,IBECEY,"C. 31ᴮ 360, López Mateos, 97140 Mérida, Yuc., Mexico",,,20.9838649,-89.5998029,True,"coordenadas,texto",ChIJ2wJVRTpxVo8Rhm_v6-tqMuY
INSTITUTO FELTON,Dalí Educational Institute,"C. 47-A 276-274 y, entre 46 y 48, Francisco de Montejo, 97203 Mérida, Yuc., Mexico",,,21.0345545,-89.6431621,True,"coordenadas,texto",ChIJqzEQ7Dd0Vo8R9mQ_pB4ctiQ
IMEI - CIUDAD DE MEXICO,Instituto Mexicano del Edificio Inteligente,"Av. Homero 229-Piso 5, Chapultepec Morales, Polanco V Secc, Miguel Hidalgo, 11560 Ciudad de México, CDMX, Mexico",,,19.4356169,-99.18536259999999,False,,ChIJp-HAlE7_0YURy7otePNuW9g
INCI - ALEMAN,Goethe-Institut Mexiko,"Tonalá 43, Cuauhtémoc, Roma Nte., Cuauhtémoc, 06700 Ciudad de México, CDMX, Mexico",,,19.4198774,-99.1633543,False,,ChIJHUMfYOcc0oURuFX9NTqV42U
INEVE,INEVE,"Av. Universidad 1821, Oxtopulco, Coyoacán, 04318 Ciudad de México, CDMX, Mexico",,,19.3441878,-99.18149079999999,False,,ChIJ2QkdOxH_0YURPhaXE4t6RPc
INSTITUTO PATRIA,Instituto Patria,"Periférico Norte km. 2.5, San Ramón Nte, 97115 Mérida, Yuc., Mexico",,,21.0399475,-89.60829160000002,True,"coordenadas,texto",ChIJTZh-fIx2Vo8ReVtRcCGdvOo
INSTITUTO COMERCIAL BANCARIO,Instituto Comercial Bancarios,"C. 62 373, Centro, 97000 Mérida, Yuc., Mexico",,,20.9769733,-89.6227462,True,"coordenadas,texto",ChIJ-z4iVV5xVo8RR8gV3docGO4
INSTITUTO DAVID ALFARO,Institute of Higher Studies David Alfaro Siqueiros,"x 26, C. 65 230, Miraflores, 97179 Mérida, Yuc., Mexico",,,20.9578572,-89.5982154,True,"coordenadas,texto",ChIJ2_nnFA9xVo8RPP48g0Sk9Rk
INSTITUTO MEXICO,Instituto México,"C. 50 290, Roma, 97218 Mérida, Yuc., Mexico",,,20.9908735,-89.64706699999999,True,"coordenadas,texto",ChIJPUXhjotzVo8RoD0NqfKSOYA
JOSE MARIA MORELOS Y PAVON,Jardin De Niños Jose Maria Morelos Y Pavon,"Av. Felipe Carrillo Puerto 92-98, Felipe Carrillo Puerto, 97208 Mérida, Yuc., Mexico",,,20.9960722,-89.6005856,True,"coordenadas,texto",ChIJt3CEbjNxVo8RZ9ODl7CJ5ow
JOSE VASCONCELOS,Instituto Superior José Vasconcelos,"C. 59 615 B-x 80 y 82, Barrio de Santiago, Centro, 97000 Mérida, Yuc., Mexico",,,20.9710341,-89.6370797,True,"coordenadas,texto",ChIJqeuBqsNzVo8R_XofP24DFDE
JOSEFINA ROSADO DE PATRON,Josefina By Vero Solis,"Miguel Hidalgo y Costilla 1337, Maria Luisa, Obispado, 64049 Monterrey, N.L., Mexico",,,25.6703359,-100.3342165,False,,ChIJbeXXNRy-YoYRhdaoHEsfhQQ
PREPARATORIA JUVENTUS,Colegio Juventus de Puebla,"Barrio de SanJuan, Prol. José María Lafragua O Peol 24 Sur S/N, San Francisco Totimehuacan, 72590 Heroica Puebla de Zaragoza, Pue., Mexico",,,18.975037,-98.1967028,False,,ChIJQfMWiNDAz4URali-jxm8kNc
COBAY KOMCHEN,Colegio de Bachilleres del Estado de Yucatán,"Calle 34 420-B x 35, Col. López Mateos, López Mateos, 97440 Mérida, Yuc., Mexico",,,20.9821261,-89.6031649,True,"coordenadas,texto",ChIJAQAAUDpxVo8RJfHKu9DbOzA
LUIS PASTEUR - CAMPECHE,Luis Pasteur school,"295, Av Gobernadores, Huanal, 24070 San Francisco de Campeche, Camp., Mexico",,,19.842567,-90.5143368,False,,ChIJt1kSeFCxUBERVCeGU6iHdVs
LA SALLE BOULLEWARES,La Salle,"Benjamín Franklin 45, Col. Condesa, Cuauhtémoc, Hipódromo Condesa, Cuauhtémoc, 06170 Ciudad de México, CDMX, Mexico",,,19.4082011,-99.1804834,False,,ChIJHxkxJwH_0YURRfxGod1JxBc
PREPARATORIA LAFAYETTE,Centro de Estudios Lafayette,"Calle 35 Número 99A, Tila, 24170 Cdad. del Carmen, Camp., Mexico",,,18.6434614,-91.8314948,False,,ChIJu1ACZZ0H8YURhV4L4UpFYGk
LUIS ALVAREZ BARRET,Centro Educacional Evelio González Montalvo,"C. 53 x 32 y 34, Chuminópolis, 97158 Mérida, Yuc., Mexico",,,20.9714619,-89.6051549,True,"coordenadas,texto",ChIJNzn8IRVxVo8RkRAWeWfeGz8
MAHATMA GANDHI,Mahatma Gandhi College,"Ejido San Lorenzo Tezonco 184, San Francisco Culhuacan, San Francisco Culhuacan de Sta Ana, Coyoacán, 04260 Ciudad de México, CDMX, Mexico",,,19.3328007,-99.12194579999999,False,,ChIJZURKPucBzoURqzT7J2ejW4I
CETMAR-PROGRESO,Cetmar Yucalpeten,"Km 1.5 Antigua Carretera a Chelem. Calle 27 Lib, Calle 27, Boulevard Turístico Yucalpetén, 97320 Progreso, Yuc., Mexico",,,21.2805573,-89.6974939,True,"coordenadas,texto",ChIJAQAAANXcVY8RHtUk3619vXM
COLEGIO MANUEL SANCHEZ MARMOL,Colegio Manuel Sánchez Marmol,"Carlos Alberto Madrazo 90, Independencia, 86800 Teapa, Tab., Mexico",,,17.5647056,-92.9375989,False,,ChIJAQAAMLOw7YUR4tFcnYIVuk0
MANUEL CRESCENCIO REJON,Mérida International Airport,"97255 Merida, Yucatan, Mexico",,,20.9335705,-89.65659889999999,True,"coordenadas,texto",ChIJ1-pVRVhyVo8RXJBJMqoPEy4
MEXICANA DEL MAYAB,"""Mexican Del Mayab"" PREPARATORY","C. 61 322, Esperanza, 97169 Mérida, Yuc., Mexico",,,20.9646246,-89.59831729999999,True,"coordenadas,texto",ChIJI4byXBBxVo8Rx4oZ4NpTZ04
PREPARATORIA MODELO,Universidad Modelo,"México 176, 97305 Mérida, Yuc., Mexico",,,21.0285163,-89.5677716,True,"coordenadas,texto",ChIJp6PVWGt3Vo8RA-Y5DaaGSzo
PREPARATORIA MUNA,Preparatoria Muna,"Muna, 97840 Muna, Yucatan, Mexico",,,20.4871693,-89.7226697,True,"coordenadas,texto",ChIJA_Zsljw3Vo8RY4uFpJyD0O8
UNIVERSIDAD DE MUNDO MAYA,Universidad Mundo Maya,"Calle 10 No. 17, Poblado IMI II, 24560 San Francisco de Campeche, Camp., Mexico",,,19.8810442,-90.4780397,True,coordenadas,ChIJRQ9l58o5-IUR-k4IyRccSIw
COBAY PLANTEL PETO,Colegio de bachilleres del estado de yucatan plantel peto,"97930 Peto, Yucatan, Mexico",,,20.0941458,-88.9152014,True,"coordenadas,texto",ChIJ3dj4VBcxV48R9BSYzlUngo4
PREPARATORIA 7,"Escuela Nacional Preparatoria N° 7 ""Ezequiel A. Chávez"" UNAM","Calz. de la Viga 54-P. B, Merced Balbuena, Venustiano Carranza, 15810 Ciudad de México, CDMX, Mexico",,,19.4186906,-99.1269581,False,,ChIJES1W98b-0YUR3QdzmAbRw_A
PREPA ACANCEH,Preparatoria Acanceh A.C.,"Acanceh, 97380 112 Calle 25, 97380 Acanceh, Yuc., Mexico",,,20.8118789,-89.45380569999999,True,coordenadas,ChIJW2Zzbt5jVo8RUHRCDn0ZTpM
PREPA ABIERTA,Preparatoria Abierta Yucatán,"Calle 31 A, y 29, entre 8, San Esteban, 97149 Mérida, Yuc., Mexico",,,20.9958939,-89.5903041,True,"coordenadas,texto",ChIJY4D7ZStxVo8RIS7fdvhqQPo
PREPARATORIA LIBRE,Preparatoria Abierta Yucatán,"Calle 31 A, y 29, entre 8, San Esteban, 97149 Mérida, Yuc., Mexico",,,20.9958939,-89.5903041,True,"coordenadas,texto",ChIJY4D7ZStxVo8RIS7fdvhqQPo
PREPA LIBRE SEP,Preparatoria Abierta Yucatán,"Calle 31 A, y 29, entre 8, San Esteban, 97149 Mérida, Yuc., Mexico",,,20.9958939,-89.5903041,True,"coordenadas,texto",ChIJY4D7ZStxVo8RIS7fdvhqQPo
PREPARATORIA ESTATAL No. 8,State School Num. 8 Carlos Castillo Peraza,"C. 51, Francisco de Montejo II, 97203 Mérida, Yuc., Mexico",,,21.0342213,-89.65219619999999,True,"coordenadas,texto",ChIJgb3e9E90Vo8RlUeUtndc91Y
PREPARATORIA ESTATAL CTM #3,Escuela Preparatoria Estatal 3 Ctm,"C. 57 Lote Núm. 746, entre 16 y Cto. Colonias, Fraccionamiento del Parque, 97160 Mérida, Yuc., Mexico",,,20.9674585,-89.5888573,True,"coordenadas,texto",ChIJGYJ5tmZxVo8R6C-MoLF7nCo
PREPA 1,Preparatoria Uno UADY,"Calle 41 s/n, Industrial, 97155 Mérida, Yuc., Mexico",,,20.9778007,-89.6007042,True,"coordenadas,texto",ChIJa7LkOTxxVo8RvCrRUS7dm_s
PREPARATORIA 11,Preparatoria 11,"Calz. Independencia Norte & C. Industria, Zona Centro, 44100 Guadalajara, Jal., Mexico",,,20.6872873,-103.3320978,False,,ChIJ3-zPEACxKIQRgM0oAHV7joo
PREPARATORIA ESTATAL 3,Escuela Preparatoria Estatal 3 Ctm,"C. 57 Lote Núm. 746, entre 16 y Cto. Colonias, Fraccionamiento del Parque, 97160 Mérida, Yuc., Mexico",,,20.9674585,-89.5888573,True,"coordenadas,texto",ChIJGYJ5tmZxVo8R6C-MoLF7nCo
PREPA 4 CANSAHCAB,Preparatoria Estatal N°4 Victor Jesús Manzanilla Jimenez,"Calle 20 S/N, Cansahcab Centro, 97410 Cansahcab, Yuc., Mexico",,,21.1620994,-89.10155590000001,True,coordenadas,ChIJN6PWgtwhVI8Ravkio-1hY-o
PREPARATORIA #5 AGUSTIN FRANCO VILLANUEVA,Prepa 5 Agustín Franco Villanueva,"Calle 67 por 50, Centro, 97000 Mérida, Yuc., Mexico",,,20.9621119,-89.6168203,True,"coordenadas,texto",ChIJIbSz9slzVo8RQxua1oVCpug
PREPA 7,"Escuela Nacional Preparatoria N° 7 ""Ezequiel A. Chávez"" UNAM","Calz. de la Viga 54-P. B, Merced Balbuena, Venustiano Carranza, 15810 Ciudad de México, CDMX, Mexico",,,19.4186906,-99.1269581,False,,ChIJES1W98b-0YUR3QdzmAbRw_A
PREPARATORIA NO. 8,State School Num. 8 Carlos Castillo Peraza,"C. 51, Francisco de Montejo II, 97203 Mérida, Yuc., Mexico",,,21.0342213,-89.65219619999999,True,"coordenadas,texto",ChIJgb3e9E90Vo8RlUeUtndc91Y
VICTOR MANUEL CERVERA PACHECO,"ESCUELA SECUNDARIA TECNICA No.72 ""VICTOR MANUEL CERVERA PACHECO""","C. 22 110, Nora Quintana, 97246 Mérida, Yuc., Mexico",,,20.9883863,-89.6737615,True,"coordenadas,texto",ChIJHYvuD2VzVo8RtgWaL4GsQpo
PREPARATORIA ESTATAL 2,State High School 2 General Salvador Alvarado,"C. 20 302-x18, Pedregales de Tanlum, 97210 Mérida, Yuc., Mexico",,,21.0018903,-89.6282459,True,"coordenadas,texto",ChIJ____oxB0Vo8RjMpaEcMtAFw
PREPARATORIA MEXICO,Escuela Preparatoria de México,"C. 72 453, Centro, 97000 Mérida, Yuc., Mexico",,,20.9738968,-89.6292287,True,"coordenadas,texto",ChIJgX1XHN5zVo8RmXcEdkik1Sk
PREPARATORIA MIGUEL ANGEL,Escuela Miguel Angel,"Calle 5 Sur N, San Antonio Cinta, 97139 Mérida, Yuc., Mexico",,,21.006643,-89.5967386,True,"coordenadas,texto",ChIJowAh09F2Vo8RLiecw9xA6rI
PREPARATORIA PROGRESO,Prepa México,"Calle 4 486, Fraccionamiento del Parque, 97166 Mérida, Yuc., Mexico",,,20.9665858,-89.5912025,True,"coordenadas,texto",ChIJWfs_QRxxVo8Ra5UACdBrhN4
PREPARATORIA DE TAHDZIBICHEN,Escuela Preparatoria Estatal N°6 Alianza de Camioneros,"C. 64 602, entre 75 de la, Centro, 97000 Mérida, Yuc., Mexico",,,20.9574484,-89.62768059999999,True,"coordenadas,texto",ChIJNayUjNZzVo8RY_E3gxXj-oI
PREPARATORIA YUCATAN,"Preparatoria Yucatán, Mons. Luis Miguel Cantón Marín","Por Calle 70 y Calle 72 551 Calle 61 Centro, C. 61 549-550, Barrio de Santiago, Centro, 97000 Mérida, Yuc., Mexico",,,20.9686663,-89.6303255,True,"coordenadas,texto",ChIJdyUJD9xzVo8RSr5MxJ1rENU
PREPARATORIA 1 UADY,Preparatoria Uno UADY,"Calle 41 s/n, Industrial, 97155 Mérida, Yuc., Mexico",,,20.9778007,-89.6007042,True,"coordenadas,texto",ChIJa7LkOTxxVo8RvCrRUS7dm_s
PREPARATORIA 3 UADY,UADY Unidad Académica Bachillerato con Interacción Comunitaria,"Calle 185 S/N x 90-B y 92, Sin Nombre de Col 18, 97290 Mérida, Yuc., Mexico",,,20.898006,-89.65556459999999,True,"coordenadas,texto",ChIJC0nMY4ZtVo8R1LbmXlqXtm8
PREPARATORIA 4,"Escuela Nacional Preparatoria N° 4 ""Vidal Castañeda y Najera"" UNAM","Av Observatorio 170-P. B, Observatorio, Miguel Hidalgo, 11860 Ciudad de México, CDMX, Mexico",,,19.4040928,-99.1949173,False,,ChIJXQGZiN4B0oURLCEZcBDWxo4
PREPARATORIA ESTATAL No. 9,Preparatoria Estatal No. 9 Victor Manuel Cervera Pacheco,"YUC 31, 97882 San José, Yuc., Mexico",,,20.2699527,-89.4411926,True,coordenadas,ChIJkVdQHLKrV48R0VqGhids7WM
PRONACE,PRONAT,"C. 15 210B, García Ginerés, 97070 Mérida, Yuc., Mexico",,,20.9908962,-89.6356035,True,"coordenadas,texto",ChIJOa2CMrNzVo8Rc6bMgUI8t3Y
REPUBLICA DE MEXICO,Universidad República de México,"Calle 72 #453 por 53 y 51 (Santiago, Av. Reforma, Centro, 97000 Mérida, Yuc., Mexico",,,20.9738329,-89.62929050000001,True,"coordenadas,texto",ChIJ6ZSvo-BzVo8RJ31-zRdYp-Y
RICARDO FLORES MAGÓN,Ricardo Flores Magón,"Ricardo Flores Magón, 97173 Mérida, Yuc., Mexico",,,20.9583567,-89.58453639999999,True,"coordenadas,texto",ChIJxyK_RfxwVo8R7u-DjMDo_VI
ROGERS HALL,Rogers Hall,"Rogers Hall, C. 36, Campestre, 97120 Mérida, Yuc., Mexico",,,21.0042573,-89.6172189,True,"coordenadas,texto",ChIJf_uwcq52Vo8RW803C0OZvmU
SERAPIO RENDÓN,Serapio Rendón,"Serapio Rendón, 97285 Mérida, Yuc., Mexico",,,20.9286268,-89.61633590000001,True,"coordenadas,texto",ChIJ5WgjZZJxVo8Rc18FKzvVIG0
SALVADOR ALVARADO,Salvador Alvarado Municipality,"Salvador Alvarado Municipality, Sinaloa, Mexico",,,25.4606326,-108.0785167,False,,ChIJcYzEjM94vIYRgt_gmugH_jw
COLEGIO SAN AGUSTIN,Colegio San Agustín,"C. 58 480B, Parque Santa Lucia, Centro, 97000 Mérida, Yuc., Mexico",,,20.9691577,-89.6213787,True,"coordenadas,texto",ChIJu9ehQ2FxVo8R9nxhZTEzOTk
SIGLO XXI,Yucatán Siglo XXI Convention Centre,"Calle 60 Nte 299, Zona Industrial, Revolucion, 97118 Mérida, Yuc., Mexico",,,21.0331618,-89.63013240000001,True,"coordenadas,texto",ChIJ067iACZ0Vo8R96YEjQ7qFmk
SERVICIO NACIONAL DE BACHILLERATO EN LINEA,Prepa en Línea - SEP,"Av. Revolución 1425, Tlacopac, Álvaro Obregón, 01040 Ciudad de México, CDMX, Mexico",,,19.3558384,-99.1901359,False,,ChIJhaz2Ix4A0oUR1QeDOZM2xB8
COBAY TEKAX,COBAY Chenkú,"Calle 32, Por Calle 25 y 27 SN, Residencial del Nte, 97219 Mérida, Yuc., Mexico",,,21.0075773,-89.64999329999999,True,"coordenadas,texto",ChIJT_wNmXF0Vo8Rp9ajD_EtYJs
UNIVERSIDAD TECMILENIO,TecMilenio University Merida,"Calle 53 Diagonal No. 665, Real Montejo, 97302 Mérida, Yuc., Mexico",,,21.0382611,-89.6615886,True,"coordenadas,texto",ChIJp2ewQFZ0Vo8R2DhtMpg4hV4
TELEBACHILLERATO,TBCEY Coordinación Estatal (Telebachillerato Comunitario del Estado de Yucatán),"C. 8, San Esteban, 97149 Mérida, Yuc., Mexico",,,20.996003,-89.5899637,True,"coordenadas,texto",ChIJm-FVbytxVo8RUfV0bsiW0ZI
COBAY TICUL,Escuela Preparatoria Cobay,"C. 41 187, Centro, 97860 Ticul, Yuc., Mexico",,,20.3830993,-89.52936849999999,True,"coordenadas,texto",ChIJSb6QcV5SVo8R3oAJw2hp0N8
JOSE DOLORES RODRIGUEZ TICUL,CENTRO EDUCATIVO JOSE DOLORES RODRIGUEZ TAMAYO,"C. 18 entre 13 y 15, Col. Guadalupe, 97860 Ticul, Yuc., Mexico",,,20.4054165,-89.5286088,True,"coordenadas,texto",ChIJGYM-Vj5SVo8RdnoVaCrW400
COBAY TIXPEUAL,COBAY PLANTEL TIXPEUAL,"C. 25 entre 17 y 19, Tixpéhual, 97386 Tixpéhual, Yuc., Mexico",,,20.9805758,-89.44761079999999,True,coordenadas,ChIJZXi4Ojp8Vo8R-stCdSvkTzo
UNACAR - CAMPUS II,Universidad Autonoma del Carmen - Polideportivo,"M53Q+FW, De Los Deportes, Asa Poniente, 24169 Cdad. del Carmen, Camp., Mexico",,,18.6531963,-91.810913,False,,ChIJrWygTaAH8YURN94kDMjHcDM
UABIC,UADY Unidad Académica Bachillerato con Interacción Comunitaria,"Calle 185 S/N x 90-B y 92, Sin Nombre de Col 18, 97290 Mérida, Yuc., Mexico",,,20.898006,-89.65556459999999,True,"coordenadas,texto",ChIJC0nMY4ZtVo8R1LbmXlqXtm8
PREPARATORIA 2 UADY,Prepa 2,"C. 116 412, Bojórquez, 97230 Mérida, Yuc., Mexico",,,20.9810547,-89.6561512,True,"coordenadas,texto",ChIJIVHjMZpzVo8REYY5rKGGmtI
SAN AGUSTIN,San Agustín,"32721 San Agustín, Chihuahua, Mexico",,,31.510939,-106.2610404,False,,ChIJrejs33Nu54YRmt8EEl1Aijk
UNIVERSIDAD MEXICO AMERICANA DEL NORTE A.C.,Universidad México Americana del Norte,"C. 1 SN, INFONAVIT Anzalduas, 88640 Reynosa, Tamps., Mexico",,,26.076851,-98.272282,False,,ChIJi2Cvbi8PZYYR00upIytJmk4
UPAV VERACRUZ,Coordinación UPAV Zona Veracruz,"C. Benito Juárez 332, Centro, 91700 Veracruz, Ver., Mexico",,,19.2000025,-96.14092219999999,False,,ChIJGaS_5DxHw4URmwVI6WKiBas
UPP PREPA,Universidad Privada de la Península | Campus Mérida,"Av Jacinto Canek 739, Bojórquez, 97230 Mérida, Yuc., Mexico",,,20.9819802,-89.6508747,True,"coordenadas,texto",ChIJMeeGHpFzVo8RrSRBQ2nXyBk
UVM,UVM Campus Mérida | Universidad en Yucatán,"Calle 79 500 Dzityá, Polígono, Carr. Mérida - Progreso, Sin Nombre de Col 27, 97302 Mérida, Yuc., Mexico",,,21.0533036,-89.6313966,True,"coordenadas,texto",ChIJidTmDdF1Vo8RnkreCMutWUA
ESCUELA NACIONAL PREPARATORIA 4 VIDAL CASTAÑEDA Y,"Escuela Nacional Preparatoria N° 4 ""Vidal Castañeda y Najera"" UNAM","Av Observatorio 170-P. B, Observatorio, Miguel Hidalgo, 11860 Ciudad de México, CDMX, Mexico",,,19.4040928,-99.1949173,False,,ChIJXQGZiN4B0oURLCEZcBDWxo4
